[{
  "_id": {
    "$oid": "65bbc585e5f2d0bf892e80bc"
  },
  "designEntryType": "Creation",
  "companyName": "RK IND",
  "initalName": "RK",
  "customerGSTno": "1234567890",
  "customerName": "RK",
  "customerNumber": "7418529630",
  "customerEmail": "rk@gmail.com",
  "designMainType": "1",
  "designMainSubType": "2",
  "designDetail": "12",
  "designSamplePhoto": "http://res.cloudinary.com/nareshkumarcloud/image/upload/v1706804612/RKBM/vxziywexwce4wg4xlf7l.jpg",
  "finalDesignImage": "https://res.cloudinary.com/nareshkumarcloud/image/upload/v1650613776/RKBM/ldezwbtkydffvduktuvj.jpg",
  "designSubmissionDate": "1111-11-11",
  "remark": "1",
  "EmployeeName": "Kathiriya Rajan",
  "authorizedName": "1",
  "status": "assigned",
  "designNumber": "",
  "perAmount": 0,
  "date": {
    "$date": "2024-02-01T21:37:34.000Z"
  },
  "__v": 0
}]